{"mse": 0.7864280756944075, "r2": 0.21426055232717756}